姓名,行号
马蒂亚斯·霍恩,1
钟贵麟,2
蔡尚铭,3
杨程成,4
滕俊杰,5
杨士增,6
陈鹏翱,7
洪辰,8
陈可辛,9
王川,10
韩杰,11
冯德伦,12
陈力,13
张大磊,14
常远,15
刘十六,16
谷德昭,17
黄泰来,18
邢如飞,19
文章,20
黄建新,21
刘迪洋,22
邵艺辉,23
阿图罗·埃尔南德斯,24
梁柏坚,25
潘安子,26
陈楚童,27
吴治廷,28
柴红芳,29
玉素,30
鲁坚,31
彭顺,32
邓超,33
王全安,34
吴克群,35
徐琦,36
五百,37
刘智海,38
雷宇扬,39
梁婷,40
雷金克,41
兰茜雅,42
刘星,43
黄庆勋,44
乌日娜,45
刘翔,46
尼克·维克汉姆,47
张忠,48
萧锋,49
陈健,50
蔡耳朵,51
宋豪辉,52
韩天,53
田壹仁,54
黄斌,55
周德新,56
张素娟,57
解福印,58
罗媛元,59
罗红胜,60
仲宵欧,61
罗志良,62
高则豪,63
王云飞,64
吴国勇,65
王辰六,66
阮世生,67
陈京,68
董新文,69
陈玉珊,70
孙浩,71
程东,72
欧阳奋强,73
蒋君,74
李巨源,75
邓志基,76
张建亚,77
边原,78
曾建英,79
唐家辉,80
邱怀阳,81
卓韵芝,82
李婷婷,83
殷飞,84
李振,85
吴耀权,86
李杨,87
李军林,88
非行,89
侯克明,90
黄柏基,91
孙渤涵,92
凯利·阿斯博瑞,93
钱运达,94
蔡於位,95
冯超,96
黄俊铭,97
陈国辉,98
黄磊,99
泷田洋二郎,100
刘可欣,101
杨江,102
周毅,103
成科,104
叶大鹰,105
阿牛,106
曾文丽,107
唐大刚,108
曾翠珊,109
核桃,110
郑义,111
金世勋,112
林超贤,113
袁和平,114
柯汶利,115
王松,116
徐展雄,117
姚东阳,118
麦曦茵,119
毕国智,120
田蒙,121
徐昂,122
熊欣欣,123
冯一平,124
夏咏,125
段国云,126
吴曦,127
杨振豪,128
焦波,129
陈晓曦,130
刘循子墨,131
阎清秀,132
金真雅,133
韩晶,134
陈晓雷,135
相国强,136
邓衍成,137
潘恒生,138
胡大为,139
赵天宇,140
舒展,141
易立,142
叶伟青,143
胡鹤译,144
蔡尚君,145
马浴柯,146
吴天明,147
曹伟,148
兰城序,149
蔡志忠,150
王童,151
顾晓刚,152
华原,153
葡桃,154
钮承泽,155
徐克,156
燕红兵,157
陈慧翎,158
王强,159
苏有朋,160
张博维,161
廖光华,162
尼克·鲍威尔,163
梁杰,164
陈峰,165
王放放,166
马凯,167
吴家凯,168
李麒麟,169
周愉栖,170
孔令晨,171
蒋卓原,172
殷乐,173
李唯劼,174
周伟,175
野猪泓,176
朱时茂,177
周旭,178
赵晔,179
贾小铁,180
王维明,181
饶子君,182
江南,183
裘建滨,184
麦咏麟,185
殷若昕,186
申宇,187
何念,188
郭涛,189
潘源良,190
李涛歌,191
郭柯,192
郭晓峰,193
张天辉,194
庄文强,195
哈斯朝鲁,196
冯嘉龙,197
郑立,198
杜琪峰,199
程森,200
山峰,201
冯自立,202
哈智超,203
田芬,204
黄天仁,205
常光希,206
张杨,207
邱处机,208
罗冬,209
王虎,210
李红建,211
王陆涛,212
林黎胜,213
高可,214
张全欣,215
郑亚旗,216
许秦豪,217
苏哲贤,218
杜玉贞,219
林大雄,220
西瓦罗·孔萨库,221
周青元,222
谭轶心,223
黄德吉,224
于胜军,225
徐正超,226
廖卫,227
伊卫军,228
陈兵,229
李仁港,230
杨劲松,231
伊能静,232
韩可一,233
李豪凌,234
邢潇,235
邓炽垣,236
王苹,237
阿卡季·萨赫拉什维利,238
傅东育,239
李蔚然,240
花明,241
文牧野,242
吕建民,243
李旭,244
刘伽茵,245
陈海帆,246
徐承华,247
朱嘉欣,248
王根发,249
姜凯阳,250
侯祖辛,251
李斌,252
黄岳泰,253
张若以,254
高群书,255
钟智行,256
蒋国权,257
胡学林,258
杨庆,259
叶伟英,260
李克龙,261
于向远,262
胡升忠,263
郭帆,264
柯孟融,265
崔立新,266
王艺,267
鲍德熹,268
维克多·拉基索夫,269
张超,270
钟彧,271
高黄刚,272
刘浩良,273
朱敏江,274
刘全玮,275
朱赵伟,276
张江南,277
宋迪,278
陈思诚,279
陶亮,280
李阳,281
刘志江,282
肖恩·帕特里克·奥赖利,283
张皓,284
李季,285
杨广福,286
孙树培,287
申瑜,288
甘国亮,289
郭子健,290
伍宗德,291
陈均成,292
林爱华,293
郑大圣,294
彭建伟,295
龙毅,296
邢博,297
康博,298
阿年,299
杨永春,300
杨树鹏,301
李宰汉,302
比利·奥古斯特,303
黎志,304
罗永昌,305
邓东明,306
朱枫,307
徐嘉亮,308
文松,309
佟秀玄,310
吴镇宇,311
周显扬,312
李保樟,313
曲瓅男,314
叶俊策,315
王颖,316
宋奇,317
金丰起,318
二刚,319
曲江涛,320
孔大山,321
王章俊,322
简小雁,323
童江南,324
徐峥,325
翌翔,326
麻赢心,327
卢恒宇,328
吴基桓,329
赵锐,330
杨轶,331
李伟,332
金波·兰道,333
贾樟柯,334
郑晓龙,335
安相勋,336
苗月,337
刘江,338
黎继强,339
吴炜伦,340
夏铭泽,341
杜鹏,342
秦鹏,343
毕志飞,344
李珈西,345
康健民,346
白志强,347
唐滔,348
蔡钧,349
金玄哲,350
曹保平,351
卓亦谦,352
方文山,353
卫捷,354
陈德森,355
张明伟,356
孙宏凯,357
吴建中,358
马雪,359
张栾,360
凌学松,361
叶念琛,362
邵进,363
丁小洋,364
王不,365
翟俊杰,366
丁亮,367
徐浩峰,368
王宁,369
陈勇,370
莱因哈德· 克洛泽,371
吴宗强,372
李红星,373
唐季礼,374
钱人豪,375
叶伟信,376
戈日泰,377
袁菲,378
甄永波,379
意紫,380
覃劼,381
吕祖松,382
钟鼎,383
郭大雷,384
基努·里维斯,385
冯志强,386
蔡明钦,387
金帝荣,388
司徒永华,389
司达,390
李明明,391
梅峰,392
安东尼·贝尔,393
邱浩强,394
徐翔云,395
未知导演,396
郭明尔,397
程工,398
侯孝贤,399
张岩,400
李玉刚,401
戴玮,402
梁旋,403
李炼,404
王鸣,405
赵禹,406
罗义民,407
雷尼·哈林,408
过华,409
爱丽丝·布莱哈特,410
曹桂千,411
李奥,412
孔嘉欢,413
苏伦,414
周军,415
武洪武,416
李芳芳,417
王君,418
许诚毅,419
朴裕焕,420
管虎,421
午马,422
宋文,423
张骁,424
姬鹏,425
黄真真,426
唐田,427
俞岛,428
梁乐民,429
孙达,430
钟澍佳,431
曹茜茜,432
朱家欣,433
张婉婷,434
杨超,435
许慧晶,436
郭大群,437
曾剑锋,438
张之亮,439
张猛,440
王琨皓,441
千丙哲,442
吴子云,443
谢亮宏,444
蒂姆·肯德尔,445
赵小丁,446
速达,447
于荣光,448
拾荒,449
戴铁郎,450
陈道明,451
曹霁,452
曾帅,453
马建军,454
胡韵,455
杜子曰,456
王琦,457
郝飞环,458
梁凯杰,459
孙小光,460
唐高鹏,461
朱青阳,462
章笛沙,463
王翀,464
何子力,465
小岛正幸,466
吕柯憬,467
严浩,468
傅华阳,469
李光耀,470
陈乐春,471
赵翀,472
刘骏,473
河木,474
陈奕鸣,475
李锦航,476
邢旭辉,477
格兰·基恩,478
杜阳,479
傅鸫,480
唐昱,481
孙琳,482
宋阳,483
崔永元,484
何苦,485
陈翠梅,486
王才涛,487
吕乐,488
刘晓世,489
蕾子,490
张仲伟,491
乔方,492
裘孝国,493
安恪温,494
文隽,495
殷国君,496
傅红星,497
郑冀峰,498
邓安东,499
吉尔·卡尔顿,500
尹丽川,501
郑仕明,502
陈国新,503
罗卓瑶,504
黄百鸣,505
郭德纲,506
谢鸣晓,507
张吃鱼,508
谢悠,509
马小白,510
李宗泰,511
杨菲,512
马楚成,513
周晓文,514
张竣程,515
卢庚戌,516
关尔,517
刘若英,518
权聆,519
马丁·坎贝尔,520
廖希,521
杨紫婷,522
孙扬,523
李家荣,524
尹鸿承,525
大鹏,526
陈鸿仪,527
柳杰,528
曾晋为,529
严敏,530
胡里奥·索托·古尔皮德,531
沙溢,532
李楷丰,533
伍仕贤,534
吴治邦,535
尹博,536
钟少雄,537
马小刚,538
陶明喜,539
战越,540
江澄,541
李霄峰,542
邵晓黎,543
申奥,544
王树忱,545
祝新,546
秦榛,547
李晨,548
郑真,549
尼尔森·申,550
代长浩,551
朱延平,552
张善南,553
孟纪原,554
果靖霖,555
刘泽,556
孙宁,557
戴思杰,558
张小磊,559
张琦,560
郑芬芬,561
韩志,562
刘伟恒,563
吴品儒,564
冯操,565
肖央,566
李惠民,567
夏钢,568
古宇,569
梁鸣,570
张立嘉,571
宋胤熹,572
张荣吉,573
戚健,574
郭啸,575
牟鑫,576
周莉亚,577
乔梁,578
耿海青,579
金容华,580
张加贝,581
翁子光,582
靪文,583
Issara Nadee,584
万玛才旦,585
李大涛,586
耿卫国,587
于广义,588
唐大年,589
孙健君,590
孙皓,591
刘杰,592
彭宥纶,593
娄烨,594
庄潇,595
谭华,596
陈晨,597
黄精甫,598
MTJJ木头,599
范元,600
潘耀明,601
丁大海,602
曹勇,603
张末,604
唐旭,605
王坪,606
郭廷波,607
赵德胤,608
丁晟,609
史卫强,610
丁荫楠,611
征長張,612
陈之月,613
翁靖廷,614
吴潮,615
闫琴,616
李智,617
余非,618
郑春雨,619
袁杰,620
徐耿,621
陈小明,622
李作楠,623
何佩祺,624
曾靖雄,625
宋晓飞,626
吴兵,627
谢晓嵋,628
高博,629
陈为军,630
邢文雄,631
倪萌,632
傅燕,633
大卫·西佛曼,634
吴安和,635
马子龙,636
周可,637
莱恩·约翰逊,638
李学兵,639
陈茂贤,640
李耀东,641
陈春雷,642
左志国,643
高晓攀,644
李路,645
陈天爱,646
许斌,647
江涛,648
何文凉,649
亦风,650
陈凯歌,651
张志一,652
张勇谋,653
萧寒,654
冯振志,655
安澜,656
刘国楠,657
周隼,658
马丁·克拉普,659
徐兵,660
刘汉祥,661
黄龙芳,662
朱葛,663
乌尔善,664
黎兆钧,665
王应蛟,666
丁实,667
方刚亮,668
魏民,669
彭浩翔,670
陈静,671
陈刚,672
李达超,673
陆剑青,674
解航,675
陈志宏,676
高锐,677
郑保瑞,678
王韦程,679
李谊,680
钟继昌,681
胡艺川,682
尹力,683
高育新,684
皮建鑫,685
李爽,686
宋坤儒,687
袁建滔,688
赵晖,689
周星驰,690
彭三源,691
张也弛,692
李孟桥,693
钱嘉乐,694
顾其铭,695
曹金玲,696
沃尔特·塞勒斯,697
林孝谦,698
于乐,699
金沙,700
宋晓文,701
许振昊,702
李志毅,703
姬诚,704
徐俊,705
张帆,706
彭鹏华,707
田羽生,708
崔喆,709
张鑫,710
刘玮,711
邵亚峰,712
季伟,713
丁小明,714
任钊萱,715
吴炫辉,716
韩博文,717
陶纯,718
沈杰,719
王健,720
陶涛,721
刘雨霖,722
吕聿来,723
李远,724
陆一铜,725
蔡岳勋,726
屈诗航,727
康锐,728
马里奥·安德鲁西奥,729
小沈阳,730
王微,731
王野,732
河村友宏,733
张少军,734
张嘉佳,735
卫铁,736
钱路劼,737
张艺谋,738
黄肖英,739
林恩·萨瑟兰,740
刘阔,741
魏书钧,742
查尔斯·马丁,743
杨子,744
方以炘,745
桑凯·维杜郎,746
项海明,747
陈木胜,748
徐伟,749
崔健,750
魏大航,751
王丽娜,752
黄渤,753
罗率,754
陈诚,755
苏亮,756
宋灏霖,757
项华祥,758
韩赤飞,759
关智耀,760
刘博文,761
赵林山,762
何铖泽,763
杨磊,764
瞿友宁,765
郭敬明,766
周拓如,767
朱凤娴,768
周杰,769
张同道,770
徐宏辉,771
刘左锋,772
徐欣羨,773
王竞,774
岩井俊二,775
高启盛,776
方励,777
邓科,778
张志伟,779
扎西才加,780
朱家麟,781
陈飞宏,782
任鹏,783
陆诗雨,784
沈东,785
陈健喜,786
何文超,787
殷悦,788
乔思雪,789
邓宇,790
丁曼,791
谢东燊,792
董润年,793
陈哲艺,794
魏泇丞,795
古志斌,796
艾什·布兰农,797
宋庭辉,798
高峰,799
叶伟民,800
周克勤,801
苑本立,802
唐国强,803
侯亮辰,804
张超理,805
晓寒,806
张敏,807
刘娟,808
汪诘,809
林子聪,810
裘仲维,811
吴鹏雄,812
张恒,813
陈建勇,814
常晓阳,815
王小列,816
刘奋斗,817
霍耀良,818
高朋,819
青山,820
吕寅荣,821
李欣,822
谢君伟,823
张国立,824
李晓雨,825
高毅,826
郑来志,827
牛小雨,828
陶生,829
邹德昌,830
胡耀辉,831
思明,832
陈永刚,833
陈勋奇,834
徐蓓,835
张一白,836
何澄,837
黄朝亮,838
丹尼·高顿,839
沈乐平,840
曾国祥,841
王海滨,842
崔斯韦,843
耿军,844
徐瀚,845
杜奇泉,846
王晶,847
贺梦凡,848
王长虹,849
布莱尔·西蒙斯,850
赵又廷,851
陈翊恒,852
吴中天,853
关焙元,854
赵非,855
顾长卫,856
安小满,857
柳亦乐,858
张天玥,859
卢正雨,860
刘斯逸,861
王沐,862
森岛,863
廖必翔,864
夏鹏,865
陈廖宇,866
闫然,867
霍建起,868
谭焕臣,869
邱礼涛,870
舒畅,871
马志宇,872
聿馨,873
张大鹏,874
费利普·弥勒,875
陆庆屹,876
季竹青,877
邢海顺,878
刘辉,879
李彧,880
李梅,881
何炅,882
徐捷,883
闫学开,884
秦小珍,885
曹炳琨,886
鹤田法男,887
杨亚洲,888
王凯阳,889
丁远大,890
周楠,891
杨枫,892
侯咏,893
麦兆辉,894
王光利,895
白雪,896
薛晓路,897
徐静蕾,898
蒋丛,899
吴晓刚,900
高志森,901
明振江,902
钱升玮,903
沈彪,904
温婧,905
杜云萍,906
吴天戈,907
郝杰,908
于淼,909
曹岸,910
戴睿,911
江流,912
冯钶予,913
刘亚当,914
阿迪夏·夏热合曼,915
艾略特·莱斯特,916
贾东朔,917
本·维特利,918
毛启超,919
牛朝阳,920
刘仪伟,921
汪英杰,922
张洋,923
大卫·阿耶,924
蒋旭,925
陆诗雷,926
姜文,927
李亚东,928
奚超,929
赵琦,930
黄雷,931
冯冯,932
王赛,933
刘连城,934
喻瀚湫,935
姚宇,936
李剑平,937
殷振豪,938
李雨禾,939
孙周,940
程腾,941
段祺华,942
杨真,943
黄伟明,944
陈茂林,945
潘昊,946
王明军,947
马里奥,948
韦正,949
王挺,950
杨泷杰,951
张险峰,952
孙承志,953
李前宽,954
吕明晰,955
王菁,956
天天,957
王一诺,958
袁卫东,959
罗登,960
王巍,961
周耀杰,962
夏永康,963
王子昭,964
汪涛,965
杨朗从,966
谭鑫铭,967
王大治,968
何蔚庭,969
迈克尔·贝,970
关信辉,971
梁家辉,972
吕列,973
王佳伟,974
于飞,975
晏菲,976
李凯,977
徐铮,978
咸旭初,979
罗英,980
林汇达,981
王凯,982
陈传兴,983
岳松,984
饶晓志,985
邹佡,986
谢立文,987
海涛,988
小敏,989
杨文军,990
安竹间,991
十庆,992
周美玲,993
别克,994
徐杰,995
姜国民,996
赵真奎,997
李平,998
松太加,999
董龙,1000
孙海鹏,1001
刘荣艳,1002
郑正,1003
毕赣,1004
一水,1005
金也,1006
冯巩,1007
刘一君,1008
樊昊仑,1009
赵宝刚,1010
金依萌,1011
傅咏,1012
温河,1013
齐为民,1014
杨虎,1015
周琦,1016
黎东泰,1017
赵崇基,1018
王钧,1019
张承,1020
陈立军,1021
饺子,1022
郭松,1023
陆锦明,1024
卢卫国,1025
查慕春,1026
王一淳,1027
田梓呈,1028
赵友,1029
黄明升,1030
闫东,1031
徐超,1032
车径行,1033
黄美娜,1034
朱东贤,1035
李玉,1036
赵霁,1037
金振成,1038
摩撒利,1039
国庆节,1040
吴有音,1041
周子阳,1042
刘晨,1043
陈曦,1044
卫青,1045
韩夫一,1046
吴洋,1047
孟奇,1048
大庆,1049
王鸣飞,1050
何涛,1051
陆强,1052
陈天星,1053
简耀宗,1054
周晓鹏,1055
夏晓昀,1056
王熠,1057
尚昌仪,1058
周文武贝,1059
朱晓兵,1060
贾玲,1061
李亘,1062
邓伟锋,1063
周浩东,1064
林岭东,1065
杨沅翰,1066
周午,1067
许宏宇,1068
谢德炬,1069
张运防,1070
李相,1071
宋江波,1072
吴海涛,1073
杨议,1074
Tan Chin Hock,1075
鲍永红,1076
杜家毅,1077
黄力加,1078
徐纪周,1079
杨仁贤,1080
刘怡明,1081
麦启光,1082
文伟鸿,1083
付勇,1084
刘建华,1085
郭宜林,1086
杨采妮,1087
宋岳峰,1088
乔彧,1089
王择谚,1090
凯文·门罗,1091
杨乐,1092
毕鉴威,1093
陆川,1094
陈国星,1095
郭在容,1096
滕丛丛,1097
尔冬升,1098
阿甘,1099
程伟豪,1100
晋永杰,1101
马珊珊,1102
石磊,1103
陈嘉上,1104
李新刚,1105
李东,1106
李勇昌,1107
刘宇军,1108
何艺林,1109
彭军,1110
袁淑梅,1111
张太维,1112
蔡德华,1113
大卫·博维斯,1114
石伟,1115
梁普智,1116
曾英庭,1117
吴军,1118
原雅轩,1119
周杰伦,1120
Mark Baldo,1121
张孝爽,1122
宋业明,1123
张同祖,1124
王家卫,1125
张冀,1126
张力,1127
敬然,1128
许安,1129
沃利·菲斯特,1130
刘抒鹃,1131
藤井道人,1132
赵汉唐,1133
金泰均,1134
黄玉郎,1135
洪斗贤,1136
崔睿,1137
克里斯·艾伯翰斯,1138
孙虹,1139
李昕芸,1140
邓志巍,1141
麦子善,1142
李敏,1143
黄志伟,1144
Uzair Zaheer Khan,1145
方军亮,1146
罗飞,1147
邓楚炜,1148
姜勇,1149
任鹏远,1150
王岳伦,1151
罗斌,1152
刘宁,1153
肖洋,1154
陈卓,1155
王超,1156
张训玮,1157
陈华杰,1158
韦家辉,1159
Benpineko,1160
孔笙,1161
沙恩·布莱克,1162
张玉中,1163
彭发,1164
伏羲,1165
许鞍华,1166
让-雅克·阿诺,1167
肖风,1168
李骏,1169
辛成江,1170
温国庆,1171
宁敬武,1172
王珈,1173
皮查农·塔玛杰拉,1174
汤继业,1175
袁翙鹏,1176
刘虹,1177
王子川,1178
韩延,1179
唐丹,1180
朱丹,1181
王子鸣,1182
落落,1183
竹内亮,1184
甄子丹,1185
李小军,1186
张坤一,1187
施雅雅,1188
张明,1189
林永长,1190
黄山,1191
哈磊,1192
晴朗,1193
郝蕴,1194
行定勋,1195
国玉峰,1196
钱国伟,1197
陈咏燊,1198
彭蓝郁,1199
张璞,1200
刘宝贤,1201
胡笳,1202
王晟赫,1203
陈果,1204
李腾栋,1205
曹溱模,1206
吴京,1207
张番番,1208
海达,1209
郑潇,1210
周雄,1211
蒙汉,1212
张家辉,1213
洪宝生,1214
殷玉麒,1215
刘畅,1216
秦宇,1217
张琰,1218
董董,1219
梁德森,1220
赵奔,1221
文晏,1222
王梓骏,1223
马会雷,1224
宋蕾,1225
郑国伟,1226
邱立伟,1227
陈天衣,1228
肖淮海,1229
陈国军,1230
王兴东,1231
张坚庭,1232
高希希,1233
张翀,1234
谈宜之,1235
张丰毅,1236
佟志坚,1237
刘国昌,1238
章家瑞,1239
李德威,1240
鹏飞,1241
马俪文,1242
张曜元,1243
王星哲,1244
张鹏,1245
王丹阳,1246
石井辉仪,1247
马系海,1248
李飞,1249
黎海涛,1250
虹影,1251
宁瀛,1252
史凤和,1253
向飞,1254
李威,1255
宋啸,1256
王孟圆,1257
陈家霖,1258
张哲,1259
王丹,1260
刘苗苗,1261
林育贤,1262
范城馨,1263
毛坚,1264
吴林,1265
李鑫,1266
郭志荣,1267
胡雪桦,1268
陈尚实,1269
周子杨,1270
陈庆嘉,1271
赵宇,1272
郭其瑄,1273
周彤,1274
黄宏,1275
不思凡,1276
包贝尔,1277
郭本敏,1278
阚家伟,1279
杨荔钠,1280
马元,1281
吉尔·考夫曼,1282
赵根植,1283
韩承桓,1284
一淼,1285
阿不都克力木·阿不力孜,1286
张伟瑚,1287
徐子牧,1288
蔡明,1289
托尼·班克罗夫特,1290
马诗漫,1291
刘耿维,1292
埃里克·斯泰尔斯,1293
吴卫东,1294
黄璜,1295
忻钰坤,1296
丁震,1297
胡一泊,1298
张艾嘉,1299
查传谊,1300
赵小僮,1301
盛石头,1302
闫非,1303
李海龙,1304
吴贻弓,1305
费瑞华,1306
石铭晖,1307
徐晓陆,1308
刘誉,1309
黄梓,1310
于仁泰,1311
李三林,1312
夏伟,1313
陈正道,1314
秦海燕,1315
游晓锦,1316
陈佳玮,1317
任贤齐,1318
李阔,1319
李彬,1320
宋占涛,1321
姚林,1322
王鑫,1323
蔡康永,1324
袁媛,1325
何妙祺,1326
滕华涛,1327
李睿珺,1328
孙宪,1329
李欣蔓,1330
周申,1331
寇淼,1332
黄东升,1333
奚志农,1334
王漪钏,1335
王军,1336
吴楠,1337
曹瑞原,1338
田晓鹏,1339
杨峻,1340
竹原青,1341
余治林,1342
陈宇,1343
龙飞,1344
江金霖,1345
任杰,1346
王郢,1347
司徒慧焯,1348
胡玫,1349
吴宇森,1350
徐林,1351
卓立,1352
赵小溪,1353
张亚海,1354
陈小雨,1355
戴维,1356
杨竞泽,1357
毕国书,1358
李继贤,1359
赵世磊,1360
高晓松,1361
卢德响,1362
西尔扎提·亚合甫,1363
曾宪林,1364
黄修平,1365
温德光,1366
周笋,1367
马崇杰,1368
郭修篆,1369
姜军,1370
韩三平,1371
韩兆,1372
孙立军,1373
沈少河,1374
王冀邢,1375
易小星,1376
梁明,1377
申太罗,1378
赵崇邦,1379
福富博,1380
黄进,1381
潘奕霖,1382
何冉昊,1383
陈树楷,1384
吕军,1385
张律,1386
Rao Zhang,1387
谢政辉,1388
斗琪,1389
佟飞,1390
王莉,1391
尚敬,1392
来牧宽,1393
范立欣,1394
鲍勃·布朗,1395
蔡抒南,1396
韩寒,1397
洪金宝,1398
李骥,1399
马楠,1400
邓原,1401
欧阳黔森,1402
安兵基,1403
张唯,1404
Piet De Rycker,1405
陈宝玲,1406
刘海,1407
章明,1408
叶凯,1409
路阳,1410
奥列格·斯特普琴科,1411
梁煜良,1412
易寒,1413
徐顺利,1414
雷献禾,1415
唐晓白,1416
张源,1417
张蠡,1418
王俊潾,1419
熊延江,1420
张裕笛,1421
温仕培,1422
唐枫,1423
束焕,1424
陈设,1425
王早,1426
王宝强,1427
程小东,1428
高翊浚,1429
徐磊,1430
龚宾四,1431
马伟豪,1432
蓝鸿春,1433
金泰勇,1434
董越,1435
崔志佳,1436
谢涤葵,1437
宁浩,1438
李金保,1439
马侃,1440
梁金镇,1441
吴昱翰,1442
邱晓军,1443
李凌霄,1444
路奇,1445
江平,1446
敏卉,1447
黄健明,1448
刁亦男,1449
王啸坤,1450
钱江汉,1451
衣洪波,1452
张塞君,1453
程耳,1454
董亚春,1455
刘镇伟,1456
王晓泽,1457
盛志民,1458
莉莉·沃卓斯基,1459
潘斌,1460
江稚仑,1461
拉尔夫·宗戴格,1462
王文,1463
戴墨,1464
钱晓鸿,1465
杜潇傲,1466
程中豪,1467
成龙,1468
韩琰,1469
韩万峰,1470
宇宙之铁,1471
贾峰,1472
刘伟强,1473
西蒙·韦斯特,1474
甘剑宇,1475
张天晓,1476
李太阁,1477
闵晋涛,1478
陈建斌,1479
蒋钦民,1480
沙漠,1481
磐石,1482
曹志鹏,1483
陆可,1484
尹志文,1485
曹大伟,1486
李雨濛,1487
张元,1488
董玲,1489
林德禄,1490
连奕琦,1491
张林子,1492
张兆宇,1493
何康,1494
袁锦麟,1495
赵楠,1496
黄家康,1497
乔岩,1498
郑成峰,1499
邹燚,1500
赵半狄,1501
Peter Chih,1502
葛海涛,1503
李宝坤,1504
冯小宁,1505
姚婷婷,1506
彼得·韦柏,1507
蒋叶峰,1508
陈明俊,1509
陈玉勋,1510
郑丹瑞,1511
郭爽,1512
罗守耀,1513
许传海,1514
朱少宇,1515
车悦,1516
刘静,1517
周勇,1518
胡洪诚,1519
张扬,1520
严嘉,1521
李子俊,1522
陈志发,1523
朱江华,1524
金鑫,1525
乌格斯·马特尔,1526
邹德全,1527
王小帅,1528
王冉,1529
宁海强,1530
刘丰鸣,1531
梁鸿华,1532
廉涛,1533
陶声,1534
黎妙雪,1535
孙小茹,1536
刘彭,1537
曾元俊,1538
李清舫,1539
牛乐,1540
冯小刚,1541
高国峰,1542
远浍,1543
郑崇炘,1544
姬雨,1545
刘健,1546
刘柏橘,1547
尚永峯,1548
田波,1549
刘炜,1550
罗洋,1551
王子逸,1552
麦子,1553
蒲巴,1554
安战军,1555
筱原哲雄,1556
郑昊,1557
简君晋,1558
唐永康,1559
董雪莹,1560
孙亮,1561
杨圆圆,1562
朱凌锋,1563
李非,1564
袁野,1565
边军,1566
王毓雅,1567
高炜,1568
金舸,1569
吴君如,1570
海琳·吉罗,1571
卓建荣,1572
李海蜀,1573
胡永芳,1574
王昱,1575
蓝志伟,1576
孔玟燕,1577
屈柏成,1578
朴英均,1579
张一飞,1580
金琛,1581
黎明,1582
关琇,1583
王晓民,1584
吴建荣,1585
陈大明,1586
胡崇曦,1587
柏麟,1588
姬棹馨,1589
张跃平,1590
邓特希,1591
李少红,1592
文帝,1593
刘江江,1594
格里格·曼瓦林,1595
尼基塔·米哈尔科夫,1596
林子平,1597
李志洲,1598
程炳峰,1599
曾晓欣,1600
赖俊羽,1601
黄军,1602
潘培成,1603
刘琦,1604
王瑞,1605
